latitude,longitude,elevation,utc_offset_seconds,timezone,timezone_abbreviation
47.627415,-122.32291,59.0,-28800,America/Los_Angeles,GMT-8

time,temperature_2m (Â°F)
2021-03-29T00:00,38.5
2021-03-29T01:00,37.7
2021-03-29T02:00,37.1
2021-03-29T03:00,37.3
2021-03-29T04:00,36.7
2021-03-29T05:00,37.3
2021-03-29T06:00,36.0
2021-03-29T07:00,37.5
2021-03-29T08:00,39.7
2021-03-29T09:00,42.1
2021-03-29T10:00,43.9
2021-03-29T11:00,45.0
2021-03-29T12:00,46.5
2021-03-29T13:00,47.8
2021-03-29T14:00,48.0
2021-03-29T15:00,47.9
2021-03-29T16:00,47.5
2021-03-29T17:00,46.7
2021-03-29T18:00,45.1
2021-03-29T19:00,42.2
2021-03-29T20:00,40.2
2021-03-29T21:00,39.4
2021-03-29T22:00,40.9
2021-03-29T23:00,36.5
2021-03-30T00:00,34.9
2021-03-30T01:00,35.1
2021-03-30T02:00,35.7
2021-03-30T03:00,36.4
2021-03-30T04:00,36.7
2021-03-30T05:00,36.3
2021-03-30T06:00,35.1
2021-03-30T07:00,38.5
2021-03-30T08:00,40.5
2021-03-30T09:00,42.8
2021-03-30T10:00,45.0
2021-03-30T11:00,46.8
2021-03-30T12:00,48.4
2021-03-30T13:00,49.7
2021-03-30T14:00,50.8
2021-03-30T15:00,51.7
2021-03-30T16:00,51.0
2021-03-30T17:00,50.5
2021-03-30T18:00,48.0
2021-03-30T19:00,44.4
2021-03-30T20:00,40.5
2021-03-30T21:00,38.9
2021-03-30T22:00,37.6
2021-03-30T23:00,36.6
2021-03-31T00:00,36.2
2021-03-31T01:00,36.1
2021-03-31T02:00,35.5
2021-03-31T03:00,34.6
2021-03-31T04:00,35.5
2021-03-31T05:00,35.9
2021-03-31T06:00,35.8
2021-03-31T07:00,38.5
2021-03-31T08:00,42.0
2021-03-31T09:00,45.7
2021-03-31T10:00,49.0
2021-03-31T11:00,51.3
2021-03-31T12:00,53.1
2021-03-31T13:00,54.4
2021-03-31T14:00,55.5
2021-03-31T15:00,55.3
2021-03-31T16:00,55.4
2021-03-31T17:00,52.8
2021-03-31T18:00,49.6
2021-03-31T19:00,46.0
2021-03-31T20:00,43.7
2021-03-31T21:00,41.6
2021-03-31T22:00,45.4
2021-03-31T23:00,44.9
2021-04-01T00:00,38.7
2021-04-01T01:00,40.9
2021-04-01T02:00,41.5
2021-04-01T03:00,41.4
2021-04-01T04:00,41.3
2021-04-01T05:00,42.2
2021-04-01T06:00,40.0
2021-04-01T07:00,43.7
2021-04-01T08:00,45.0
2021-04-01T09:00,47.3
2021-04-01T10:00,48.8
2021-04-01T11:00,49.7
2021-04-01T12:00,51.7
2021-04-01T13:00,52.7
2021-04-01T14:00,53.3
2021-04-01T15:00,53.0
2021-04-01T16:00,53.7
2021-04-01T17:00,52.9
2021-04-01T18:00,50.2
2021-04-01T19:00,47.0
2021-04-01T20:00,43.4
2021-04-01T21:00,41.2
2021-04-01T22:00,40.8
2021-04-01T23:00,39.7
2021-04-02T00:00,40.5
2021-04-02T01:00,39.0
2021-04-02T02:00,39.1
2021-04-02T03:00,39.6
2021-04-02T04:00,42.3
2021-04-02T05:00,42.6
2021-04-02T06:00,42.8
2021-04-02T07:00,43.4
2021-04-02T08:00,44.7
2021-04-02T09:00,46.4
2021-04-02T10:00,48.0
2021-04-02T11:00,50.1
2021-04-02T12:00,51.6
2021-04-02T13:00,53.3
2021-04-02T14:00,53.8
2021-04-02T15:00,54.4
2021-04-02T16:00,55.8
2021-04-02T17:00,54.0
2021-04-02T18:00,48.9
2021-04-02T19:00,46.1
2021-04-02T20:00,44.3
2021-04-02T21:00,43.1
2021-04-02T22:00,42.1
2021-04-02T23:00,40.3
2021-04-03T00:00,40.3
2021-04-03T01:00,38.9
2021-04-03T02:00,38.8
2021-04-03T03:00,37.8
2021-04-03T04:00,38.4
2021-04-03T05:00,39.4
2021-04-03T06:00,39.9
2021-04-03T07:00,42.4
2021-04-03T08:00,43.6
2021-04-03T09:00,46.4
2021-04-03T10:00,49.5
2021-04-03T11:00,51.7
2021-04-03T12:00,54.9
2021-04-03T13:00,56.2
2021-04-03T14:00,57.6
2021-04-03T15:00,58.5
2021-04-03T16:00,58.1
2021-04-03T17:00,56.8
2021-04-03T18:00,53.7
2021-04-03T19:00,48.2
2021-04-03T20:00,47.0
2021-04-03T21:00,46.8
2021-04-03T22:00,45.9
2021-04-03T23:00,45.1
2021-04-04T00:00,45.0
2021-04-04T01:00,45.0
2021-04-04T02:00,44.6
2021-04-04T03:00,43.9
2021-04-04T04:00,43.7
2021-04-04T05:00,44.0
2021-04-04T06:00,43.8
2021-04-04T07:00,43.7
2021-04-04T08:00,43.3
2021-04-04T09:00,43.7
2021-04-04T10:00,44.5
2021-04-04T11:00,45.2
2021-04-04T12:00,45.6
2021-04-04T13:00,46.2
2021-04-04T14:00,46.4
2021-04-04T15:00,46.3
2021-04-04T16:00,46.6
2021-04-04T17:00,45.7
2021-04-04T18:00,44.9
2021-04-04T19:00,43.2
2021-04-04T20:00,42.2
2021-04-04T21:00,41.5
2021-04-04T22:00,38.7
2021-04-04T23:00,36.0
2021-04-05T00:00,37.2
2021-04-05T01:00,37.7
2021-04-05T02:00,35.2
2021-04-05T03:00,35.4
2021-04-05T04:00,41.4
2021-04-05T05:00,39.2
2021-04-05T06:00,37.1
2021-04-05T07:00,41.7
2021-04-05T08:00,42.9
2021-04-05T09:00,44.6
2021-04-05T10:00,45.4
2021-04-05T11:00,46.3
2021-04-05T12:00,47.8
2021-04-05T13:00,49.5
2021-04-05T14:00,51.3
2021-04-05T15:00,52.4
2021-04-05T16:00,52.4
2021-04-05T17:00,52.4
2021-04-05T18:00,50.1
2021-04-05T19:00,46.3
2021-04-05T20:00,41.6
2021-04-05T21:00,40.1
2021-04-05T22:00,43.6
2021-04-05T23:00,43.9
2021-04-06T00:00,39.6
2021-04-06T01:00,38.9
2021-04-06T02:00,38.5
2021-04-06T03:00,37.7
2021-04-06T04:00,37.0
2021-04-06T05:00,36.4
2021-04-06T06:00,36.2
2021-04-06T07:00,38.7
2021-04-06T08:00,40.3
2021-04-06T09:00,42.3
2021-04-06T10:00,45.1
2021-04-06T11:00,47.9
2021-04-06T12:00,50.5
2021-04-06T13:00,52.7
2021-04-06T14:00,54.0
2021-04-06T15:00,55.0
2021-04-06T16:00,56.3
2021-04-06T17:00,55.8
2021-04-06T18:00,52.4
2021-04-06T19:00,48.0
2021-04-06T20:00,45.6
2021-04-06T21:00,44.0
2021-04-06T22:00,42.8
2021-04-06T23:00,41.5
2021-04-07T00:00,39.8
2021-04-07T01:00,37.8
2021-04-07T02:00,40.6
2021-04-07T03:00,41.9
2021-04-07T04:00,41.1
2021-04-07T05:00,41.3
2021-04-07T06:00,42.1
2021-04-07T07:00,43.1
2021-04-07T08:00,44.1
2021-04-07T09:00,44.7
2021-04-07T10:00,46.1
2021-04-07T11:00,46.3
2021-04-07T12:00,46.9
2021-04-07T13:00,46.4
2021-04-07T14:00,46.0
2021-04-07T15:00,46.0
2021-04-07T16:00,47.7
2021-04-07T17:00,47.2
2021-04-07T18:00,45.9
2021-04-07T19:00,45.1
2021-04-07T20:00,45.0
2021-04-07T21:00,44.8
2021-04-07T22:00,43.6
2021-04-07T23:00,43.1
2021-04-08T00:00,42.4
2021-04-08T01:00,40.7
2021-04-08T02:00,39.7
2021-04-08T03:00,38.9
2021-04-08T04:00,39.7
2021-04-08T05:00,40.1
2021-04-08T06:00,40.0
2021-04-08T07:00,40.5
2021-04-08T08:00,42.0
2021-04-08T09:00,43.9
2021-04-08T10:00,45.6
2021-04-08T11:00,47.3
2021-04-08T12:00,48.5
2021-04-08T13:00,49.2
2021-04-08T14:00,50.2
2021-04-08T15:00,51.8
2021-04-08T16:00,53.2
2021-04-08T17:00,51.3
2021-04-08T18:00,48.9
2021-04-08T19:00,46.1
2021-04-08T20:00,46.7
2021-04-08T21:00,45.3
2021-04-08T22:00,41.4
2021-04-08T23:00,41.1
2021-04-09T00:00,39.7
2021-04-09T01:00,38.7
2021-04-09T02:00,37.8
2021-04-09T03:00,37.0
2021-04-09T04:00,36.8
2021-04-09T05:00,36.8
2021-04-09T06:00,37.3
2021-04-09T07:00,38.7
2021-04-09T08:00,40.9
2021-04-09T09:00,44.2
2021-04-09T10:00,46.6
2021-04-09T11:00,48.0
2021-04-09T12:00,48.0
2021-04-09T13:00,47.8
2021-04-09T14:00,47.5
2021-04-09T15:00,47.8
2021-04-09T16:00,47.6
2021-04-09T17:00,46.2
2021-04-09T18:00,45.4
2021-04-09T19:00,44.9
2021-04-09T20:00,44.9
2021-04-09T21:00,44.6
2021-04-09T22:00,43.7
2021-04-09T23:00,43.2
2021-04-10T00:00,43.7
2021-04-10T01:00,43.0
2021-04-10T02:00,41.5
2021-04-10T03:00,39.8
2021-04-10T04:00,39.2
2021-04-10T05:00,38.9
2021-04-10T06:00,38.4
2021-04-10T07:00,38.9
2021-04-10T08:00,40.1
2021-04-10T09:00,41.7
2021-04-10T10:00,43.3
2021-04-10T11:00,44.2
2021-04-10T12:00,44.9
2021-04-10T13:00,46.1
2021-04-10T14:00,47.7
2021-04-10T15:00,48.2
2021-04-10T16:00,47.5
2021-04-10T17:00,46.9
2021-04-10T18:00,45.2
2021-04-10T19:00,44.0
2021-04-10T20:00,42.9
2021-04-10T21:00,42.4
2021-04-10T22:00,41.5
2021-04-10T23:00,39.6
2021-04-11T00:00,37.3
2021-04-11T01:00,35.2
2021-04-11T02:00,36.7
2021-04-11T03:00,38.4
2021-04-11T04:00,37.5
2021-04-11T05:00,33.7
2021-04-11T06:00,37.2
2021-04-11T07:00,40.1
2021-04-11T08:00,42.7
2021-04-11T09:00,44.8
2021-04-11T10:00,46.3
2021-04-11T11:00,47.9
2021-04-11T12:00,48.6
2021-04-11T13:00,49.2
2021-04-11T14:00,49.5
2021-04-11T15:00,49.6
2021-04-11T16:00,49.4
2021-04-11T17:00,48.1
2021-04-11T18:00,46.3
2021-04-11T19:00,43.6
2021-04-11T20:00,42.1
2021-04-11T21:00,41.4
2021-04-11T22:00,40.7
2021-04-11T23:00,40.4
2021-04-12T00:00,39.8
2021-04-12T01:00,39.3
2021-04-12T02:00,38.6
2021-04-12T03:00,38.4
2021-04-12T04:00,36.8
2021-04-12T05:00,38.2
2021-04-12T06:00,39.3
2021-04-12T07:00,41.4
2021-04-12T08:00,44.9
2021-04-12T09:00,47.3
2021-04-12T10:00,49.2
2021-04-12T11:00,50.9
2021-04-12T12:00,52.3
2021-04-12T13:00,53.2
2021-04-12T14:00,53.9
2021-04-12T15:00,54.2
2021-04-12T16:00,54.8
2021-04-12T17:00,53.5
2021-04-12T18:00,52.1
2021-04-12T19:00,49.9
2021-04-12T20:00,47.8
2021-04-12T21:00,46.0
2021-04-12T22:00,44.9
2021-04-12T23:00,43.7
2021-04-13T00:00,43.2
2021-04-13T01:00,42.1
2021-04-13T02:00,40.5
2021-04-13T03:00,39.8
2021-04-13T04:00,38.9
2021-04-13T05:00,38.9
2021-04-13T06:00,39.7
2021-04-13T07:00,42.6
2021-04-13T08:00,47.2
2021-04-13T09:00,50.9
2021-04-13T10:00,54.1
2021-04-13T11:00,56.6
2021-04-13T12:00,58.5
2021-04-13T13:00,59.2
2021-04-13T14:00,58.4
2021-04-13T15:00,57.8
2021-04-13T16:00,58.2
2021-04-13T17:00,56.2
2021-04-13T18:00,54.0
2021-04-13T19:00,51.3
2021-04-13T20:00,49.0
2021-04-13T21:00,47.8
2021-04-13T22:00,47.3
2021-04-13T23:00,47.2
2021-04-14T00:00,46.5
2021-04-14T01:00,45.2
2021-04-14T02:00,44.2
2021-04-14T03:00,43.1
2021-04-14T04:00,42.4
2021-04-14T05:00,42.4
2021-04-14T06:00,43.2
2021-04-14T07:00,45.9
2021-04-14T08:00,49.5
2021-04-14T09:00,52.2
2021-04-14T10:00,54.7
2021-04-14T11:00,56.4
2021-04-14T12:00,57.5
2021-04-14T13:00,58.5
2021-04-14T14:00,58.9
2021-04-14T15:00,59.1
2021-04-14T16:00,60.9
2021-04-14T17:00,59.6
2021-04-14T18:00,56.8
2021-04-14T19:00,52.7
2021-04-14T20:00,50.2
2021-04-14T21:00,48.0
2021-04-14T22:00,44.4
2021-04-14T23:00,42.3
2021-04-15T00:00,40.8
2021-04-15T01:00,39.9
2021-04-15T02:00,39.3
2021-04-15T03:00,39.1
2021-04-15T04:00,39.6
2021-04-15T05:00,40.2
2021-04-15T06:00,43.7
2021-04-15T07:00,47.5
2021-04-15T08:00,51.6
2021-04-15T09:00,55.5
2021-04-15T10:00,58.5
2021-04-15T11:00,61.2
2021-04-15T12:00,63.9
2021-04-15T13:00,66.1
2021-04-15T14:00,67.3
2021-04-15T15:00,67.3
2021-04-15T16:00,65.8
2021-04-15T17:00,63.5
2021-04-15T18:00,60.5
2021-04-15T19:00,56.2
2021-04-15T20:00,53.2
2021-04-15T21:00,51.4
2021-04-15T22:00,50.4
2021-04-15T23:00,47.2
2021-04-16T00:00,45.2
2021-04-16T01:00,43.3
2021-04-16T02:00,43.6
2021-04-16T03:00,44.4
2021-04-16T04:00,43.4
2021-04-16T05:00,41.5
2021-04-16T06:00,43.9
2021-04-16T07:00,47.9
2021-04-16T08:00,51.8
2021-04-16T09:00,55.9
2021-04-16T10:00,60.4
2021-04-16T11:00,64.9
2021-04-16T12:00,68.1
2021-04-16T13:00,69.7
2021-04-16T14:00,70.9
2021-04-16T15:00,71.0
2021-04-16T16:00,69.8
2021-04-16T17:00,66.5
2021-04-16T18:00,63.0
2021-04-16T19:00,58.7
2021-04-16T20:00,53.0
2021-04-16T21:00,51.1
2021-04-16T22:00,51.9
2021-04-16T23:00,49.9
2021-04-17T00:00,48.6
2021-04-17T01:00,47.5
2021-04-17T02:00,45.1
2021-04-17T03:00,44.3
2021-04-17T04:00,45.6
2021-04-17T05:00,41.6
2021-04-17T06:00,44.4
2021-04-17T07:00,48.6
2021-04-17T08:00,52.4
2021-04-17T09:00,56.1
2021-04-17T10:00,59.8
2021-04-17T11:00,63.6
2021-04-17T12:00,66.8
2021-04-17T13:00,69.4
2021-04-17T14:00,70.9
2021-04-17T15:00,71.5
2021-04-17T16:00,72.6
2021-04-17T17:00,71.8
2021-04-17T18:00,67.7
2021-04-17T19:00,57.9
2021-04-17T20:00,57.0
2021-04-17T21:00,54.7
2021-04-17T22:00,52.1
2021-04-17T23:00,48.3
2021-04-18T00:00,46.6
2021-04-18T01:00,45.5
2021-04-18T02:00,48.1
2021-04-18T03:00,48.1
2021-04-18T04:00,44.0
2021-04-18T05:00,46.7
2021-04-18T06:00,45.9
2021-04-18T07:00,49.6
2021-04-18T08:00,53.3
2021-04-18T09:00,56.6
2021-04-18T10:00,60.5
2021-04-18T11:00,64.0
2021-04-18T12:00,66.7
2021-04-18T13:00,68.5
2021-04-18T14:00,69.5
2021-04-18T15:00,70.9
2021-04-18T16:00,74.4
2021-04-18T17:00,73.2
2021-04-18T18:00,69.2
2021-04-18T19:00,62.1
2021-04-18T20:00,58.5
2021-04-18T21:00,56.7
2021-04-18T22:00,55.6
2021-04-18T23:00,54.0
2021-04-19T00:00,51.3
2021-04-19T01:00,48.5
2021-04-19T02:00,47.6
2021-04-19T03:00,45.9
2021-04-19T04:00,45.5
2021-04-19T05:00,46.0
2021-04-19T06:00,47.6
2021-04-19T07:00,50.4
2021-04-19T08:00,53.2
2021-04-19T09:00,55.9
2021-04-19T10:00,59.9
2021-04-19T11:00,63.3
2021-04-19T12:00,66.0
2021-04-19T13:00,67.8
2021-04-19T14:00,68.6
2021-04-19T15:00,69.1
2021-04-19T16:00,69.5
2021-04-19T17:00,68.0
2021-04-19T18:00,65.1
2021-04-19T19:00,58.7
2021-04-19T20:00,57.9
2021-04-19T21:00,55.9
2021-04-19T22:00,53.5
2021-04-19T23:00,51.4
2021-04-20T00:00,49.4
2021-04-20T01:00,45.7
2021-04-20T02:00,45.0
2021-04-20T03:00,44.1
2021-04-20T04:00,43.6
2021-04-20T05:00,48.3
2021-04-20T06:00,47.0
2021-04-20T07:00,49.6
2021-04-20T08:00,52.2
2021-04-20T09:00,55.1
2021-04-20T10:00,58.5
2021-04-20T11:00,61.9
2021-04-20T12:00,64.5
2021-04-20T13:00,65.9
2021-04-20T14:00,66.6
2021-04-20T15:00,66.7
2021-04-20T16:00,67.1
2021-04-20T17:00,65.2
2021-04-20T18:00,62.4
2021-04-20T19:00,57.8
2021-04-20T20:00,55.5
2021-04-20T21:00,53.6
2021-04-20T22:00,51.3
2021-04-20T23:00,48.0
2021-04-21T00:00,45.9
2021-04-21T01:00,45.3
2021-04-21T02:00,44.2
2021-04-21T03:00,43.5
2021-04-21T04:00,44.2
2021-04-21T05:00,46.7
2021-04-21T06:00,47.5
2021-04-21T07:00,49.9
2021-04-21T08:00,52.4
2021-04-21T09:00,55.0
2021-04-21T10:00,57.3
2021-04-21T11:00,59.5
2021-04-21T12:00,61.8
2021-04-21T13:00,64.1
2021-04-21T14:00,65.6
2021-04-21T15:00,66.4
2021-04-21T16:00,66.9
2021-04-21T17:00,66.1
2021-04-21T18:00,63.1
2021-04-21T19:00,56.9
2021-04-21T20:00,55.6
2021-04-21T21:00,51.7
2021-04-21T22:00,50.7
2021-04-21T23:00,48.0
2021-04-22T00:00,47.0
2021-04-22T01:00,48.4
2021-04-22T02:00,46.8
2021-04-22T03:00,46.7
2021-04-22T04:00,47.4
2021-04-22T05:00,47.8
2021-04-22T06:00,48.5
2021-04-22T07:00,49.2
2021-04-22T08:00,50.2
2021-04-22T09:00,51.6
2021-04-22T10:00,52.9
2021-04-22T11:00,54.2
2021-04-22T12:00,55.7
2021-04-22T13:00,56.7
2021-04-22T14:00,57.8
2021-04-22T15:00,59.6
2021-04-22T16:00,59.5
2021-04-22T17:00,59.7
2021-04-22T18:00,59.5
2021-04-22T19:00,54.7
2021-04-22T20:00,54.7
2021-04-22T21:00,52.6
2021-04-22T22:00,49.8
2021-04-22T23:00,49.1
2021-04-23T00:00,47.8
2021-04-23T01:00,47.1
2021-04-23T02:00,46.8
2021-04-23T03:00,46.6
2021-04-23T04:00,45.6
2021-04-23T05:00,45.9
2021-04-23T06:00,46.2
2021-04-23T07:00,47.6
2021-04-23T08:00,49.5
2021-04-23T09:00,51.1
2021-04-23T10:00,54.0
2021-04-23T11:00,56.4
2021-04-23T12:00,57.3
2021-04-23T13:00,59.5
2021-04-23T14:00,61.2
2021-04-23T15:00,61.7
2021-04-23T16:00,60.0
2021-04-23T17:00,59.3
2021-04-23T18:00,55.6
2021-04-23T19:00,53.2
2021-04-23T20:00,52.2
2021-04-23T21:00,51.0
2021-04-23T22:00,50.2
2021-04-23T23:00,49.6
2021-04-24T00:00,49.5
2021-04-24T01:00,49.2
2021-04-24T02:00,48.8
2021-04-24T03:00,48.7
2021-04-24T04:00,47.8
2021-04-24T05:00,47.7
2021-04-24T06:00,47.6
2021-04-24T07:00,47.6
2021-04-24T08:00,47.7
2021-04-24T09:00,47.7
2021-04-24T10:00,48.1
2021-04-24T11:00,47.9
2021-04-24T12:00,47.7
2021-04-24T13:00,47.8
2021-04-24T14:00,48.0
2021-04-24T15:00,48.1
2021-04-24T16:00,48.0
2021-04-24T17:00,48.0
2021-04-24T18:00,48.0
2021-04-24T19:00,47.5
2021-04-24T20:00,46.9
2021-04-24T21:00,46.8
2021-04-24T22:00,46.6
2021-04-24T23:00,46.6
2021-04-25T00:00,46.5
2021-04-25T01:00,46.7
2021-04-25T02:00,46.8
2021-04-25T03:00,47.2
2021-04-25T04:00,47.0
2021-04-25T05:00,46.8
2021-04-25T06:00,46.8
2021-04-25T07:00,46.9
2021-04-25T08:00,47.7
2021-04-25T09:00,48.2
2021-04-25T10:00,49.0
2021-04-25T11:00,50.6
2021-04-25T12:00,51.3
2021-04-25T13:00,53.0
2021-04-25T14:00,53.6
2021-04-25T15:00,55.0
2021-04-25T16:00,57.1
2021-04-25T17:00,54.5
2021-04-25T18:00,53.2
2021-04-25T19:00,50.5
2021-04-25T20:00,49.5
2021-04-25T21:00,48.1
2021-04-25T22:00,46.5
2021-04-25T23:00,47.7
2021-04-26T00:00,46.9
2021-04-26T01:00,46.2
2021-04-26T02:00,45.1
2021-04-26T03:00,44.9
2021-04-26T04:00,45.7
2021-04-26T05:00,45.7
2021-04-26T06:00,46.0
2021-04-26T07:00,47.2
2021-04-26T08:00,49.1
2021-04-26T09:00,51.4
2021-04-26T10:00,53.0
2021-04-26T11:00,54.7
2021-04-26T12:00,55.5
2021-04-26T13:00,56.6
2021-04-26T14:00,57.6
2021-04-26T15:00,57.8
2021-04-26T16:00,57.6
2021-04-26T17:00,57.3
2021-04-26T18:00,56.2
2021-04-26T19:00,53.0
2021-04-26T20:00,50.9
2021-04-26T21:00,49.4
2021-04-26T22:00,49.8
2021-04-26T23:00,49.4
2021-04-27T00:00,48.4
2021-04-27T01:00,47.2
2021-04-27T02:00,46.6
2021-04-27T03:00,45.9
2021-04-27T04:00,45.8
2021-04-27T05:00,45.7
2021-04-27T06:00,45.9
2021-04-27T07:00,46.7
2021-04-27T08:00,48.1
2021-04-27T09:00,50.3
2021-04-27T10:00,52.3
2021-04-27T11:00,54.4
2021-04-27T12:00,56.8
2021-04-27T13:00,58.2
2021-04-27T14:00,60.4
2021-04-27T15:00,60.7
2021-04-27T16:00,59.1
2021-04-27T17:00,58.7
2021-04-27T18:00,57.7
2021-04-27T19:00,55.7
2021-04-27T20:00,54.3
2021-04-27T21:00,51.6
2021-04-27T22:00,52.3
2021-04-27T23:00,51.7
2021-04-28T00:00,50.5
2021-04-28T01:00,48.5
2021-04-28T02:00,45.3
2021-04-28T03:00,45.0
2021-04-28T04:00,46.6
2021-04-28T05:00,47.1
2021-04-28T06:00,48.0
2021-04-28T07:00,49.6
2021-04-28T08:00,51.0
2021-04-28T09:00,52.4
2021-04-28T10:00,54.9
2021-04-28T11:00,57.1
2021-04-28T12:00,59.3
2021-04-28T13:00,60.3
2021-04-28T14:00,61.2
2021-04-28T15:00,61.7
2021-04-28T16:00,60.8
2021-04-28T17:00,59.7
2021-04-28T18:00,57.9
2021-04-28T19:00,54.6
2021-04-28T20:00,53.2
2021-04-28T21:00,52.1
2021-04-28T22:00,51.3
2021-04-28T23:00,49.1
2021-04-29T00:00,47.6
2021-04-29T01:00,48.0
2021-04-29T02:00,48.3
2021-04-29T03:00,47.5
2021-04-29T04:00,47.8
2021-04-29T05:00,48.0
2021-04-29T06:00,48.7
2021-04-29T07:00,50.2
2021-04-29T08:00,52.2
2021-04-29T09:00,53.9
2021-04-29T10:00,57.0
2021-04-29T11:00,60.3
2021-04-29T12:00,63.8
2021-04-29T13:00,66.8
2021-04-29T14:00,68.6
2021-04-29T15:00,70.3
2021-04-29T16:00,72.1
2021-04-29T17:00,70.4
2021-04-29T18:00,66.4
2021-04-29T19:00,60.2
2021-04-29T20:00,58.1
2021-04-29T21:00,55.8
2021-04-29T22:00,54.6
2021-04-29T23:00,53.5
2021-04-30T00:00,52.9
2021-04-30T01:00,52.2
2021-04-30T02:00,51.7
2021-04-30T03:00,51.3
2021-04-30T04:00,52.0
2021-04-30T05:00,52.5
2021-04-30T06:00,52.3
2021-04-30T07:00,52.2
2021-04-30T08:00,52.6
2021-04-30T09:00,53.6
2021-04-30T10:00,54.7
2021-04-30T11:00,56.0
2021-04-30T12:00,58.1
2021-04-30T13:00,59.3
2021-04-30T14:00,61.2
2021-04-30T15:00,61.7
2021-04-30T16:00,62.9
2021-04-30T17:00,62.8
2021-04-30T18:00,61.8
2021-04-30T19:00,58.1
2021-04-30T20:00,54.3
2021-04-30T21:00,52.9
2021-04-30T22:00,51.8
2021-04-30T23:00,50.8
2021-05-01T00:00,51.2
2021-05-01T01:00,50.8
2021-05-01T02:00,50.5
2021-05-01T03:00,50.1
2021-05-01T04:00,49.5
2021-05-01T05:00,49.5
2021-05-01T06:00,49.6
2021-05-01T07:00,50.0
2021-05-01T08:00,49.9
2021-05-01T09:00,50.2
2021-05-01T10:00,51.2
2021-05-01T11:00,52.0
2021-05-01T12:00,53.2
2021-05-01T13:00,55.6
2021-05-01T14:00,56.8
2021-05-01T15:00,58.5
2021-05-01T16:00,55.8
2021-05-01T17:00,55.8
2021-05-01T18:00,54.0
2021-05-01T19:00,53.2
2021-05-01T20:00,52.5
2021-05-01T21:00,51.4
2021-05-01T22:00,49.5
2021-05-01T23:00,48.3
2021-05-02T00:00,47.8
2021-05-02T01:00,47.5
2021-05-02T02:00,47.0
2021-05-02T03:00,47.1
2021-05-02T04:00,46.7
2021-05-02T05:00,46.8
2021-05-02T06:00,47.4
2021-05-02T07:00,48.2
2021-05-02T08:00,49.5
2021-05-02T09:00,50.7
2021-05-02T10:00,51.7
2021-05-02T11:00,53.0
2021-05-02T12:00,54.5
2021-05-02T13:00,56.0
2021-05-02T14:00,57.4
2021-05-02T15:00,58.7
2021-05-02T16:00,58.8
2021-05-02T17:00,58.9
2021-05-02T18:00,58.2
2021-05-02T19:00,54.3
2021-05-02T20:00,52.4
2021-05-02T21:00,50.4
2021-05-02T22:00,48.4
2021-05-02T23:00,46.7
2021-05-03T00:00,43.9
2021-05-03T01:00,47.9
2021-05-03T02:00,44.4
2021-05-03T03:00,45.7
2021-05-03T04:00,46.7
2021-05-03T05:00,46.5
2021-05-03T06:00,47.8
2021-05-03T07:00,48.7
2021-05-03T08:00,49.9
2021-05-03T09:00,50.6
2021-05-03T10:00,52.3
2021-05-03T11:00,53.8
2021-05-03T12:00,54.0
2021-05-03T13:00,53.4
2021-05-03T14:00,52.6
2021-05-03T15:00,52.7
2021-05-03T16:00,51.5
2021-05-03T17:00,51.9
2021-05-03T18:00,51.9
2021-05-03T19:00,51.7
2021-05-03T20:00,51.4
2021-05-03T21:00,51.6
2021-05-03T22:00,51.7
2021-05-03T23:00,52.0
2021-05-04T00:00,51.9
2021-05-04T01:00,51.6
2021-05-04T02:00,51.8
2021-05-04T03:00,51.0
2021-05-04T04:00,51.4
2021-05-04T05:00,49.9
2021-05-04T06:00,48.6
2021-05-04T07:00,49.5
2021-05-04T08:00,51.0
2021-05-04T09:00,52.9
2021-05-04T10:00,55.6
2021-05-04T11:00,56.9
2021-05-04T12:00,57.5
2021-05-04T13:00,57.1
2021-05-04T14:00,57.7
2021-05-04T15:00,58.7
2021-05-04T16:00,60.0
2021-05-04T17:00,59.9
2021-05-04T18:00,57.8
2021-05-04T19:00,54.4
2021-05-04T20:00,51.8
2021-05-04T21:00,50.0
2021-05-04T22:00,48.4
2021-05-04T23:00,47.0
2021-05-05T00:00,46.0
2021-05-05T01:00,45.4
2021-05-05T02:00,45.0
2021-05-05T03:00,44.9
2021-05-05T04:00,45.0
2021-05-05T05:00,45.3
2021-05-05T06:00,46.1
2021-05-05T07:00,47.9
2021-05-05T08:00,51.3
2021-05-05T09:00,55.2
2021-05-05T10:00,57.5
2021-05-05T11:00,59.6
2021-05-05T12:00,62.4
2021-05-05T13:00,62.7
2021-05-05T14:00,61.6
2021-05-05T15:00,62.0
2021-05-05T16:00,65.8
2021-05-05T17:00,64.9
2021-05-05T18:00,62.2
2021-05-05T19:00,58.7
2021-05-05T20:00,56.3
2021-05-05T21:00,55.0
2021-05-05T22:00,53.8
2021-05-05T23:00,52.4
2021-05-06T00:00,50.8
2021-05-06T01:00,53.1
2021-05-06T02:00,55.3
2021-05-06T03:00,53.6
2021-05-06T04:00,53.4
2021-05-06T05:00,52.9
2021-05-06T06:00,53.6
2021-05-06T07:00,54.8
2021-05-06T08:00,55.8
2021-05-06T09:00,57.6
2021-05-06T10:00,60.1
2021-05-06T11:00,61.9
2021-05-06T12:00,64.3
2021-05-06T13:00,61.3
2021-05-06T14:00,55.7
2021-05-06T15:00,54.7
2021-05-06T16:00,56.6
2021-05-06T17:00,54.7
2021-05-06T18:00,54.8
2021-05-06T19:00,53.1
2021-05-06T20:00,50.6
2021-05-06T21:00,48.9
2021-05-06T22:00,47.9
2021-05-06T23:00,47.3
2021-05-07T00:00,46.7
2021-05-07T01:00,46.3
2021-05-07T02:00,46.3
2021-05-07T03:00,46.2
2021-05-07T04:00,46.5
2021-05-07T05:00,46.8
2021-05-07T06:00,46.6
2021-05-07T07:00,46.9
2021-05-07T08:00,48.7
2021-05-07T09:00,49.2
2021-05-07T10:00,47.2
2021-05-07T11:00,47.0
2021-05-07T12:00,52.2
2021-05-07T13:00,52.0
2021-05-07T14:00,50.7
2021-05-07T15:00,51.8
2021-05-07T16:00,52.4
2021-05-07T17:00,52.5
2021-05-07T18:00,51.3
2021-05-07T19:00,49.7
2021-05-07T20:00,47.8
2021-05-07T21:00,48.4
2021-05-07T22:00,47.9
2021-05-07T23:00,46.7
2021-05-08T00:00,45.9
2021-05-08T01:00,45.4
2021-05-08T02:00,44.6
2021-05-08T03:00,43.4
2021-05-08T04:00,43.2
2021-05-08T05:00,43.8
2021-05-08T06:00,44.7
2021-05-08T07:00,45.8
2021-05-08T08:00,47.4
2021-05-08T09:00,48.5
2021-05-08T10:00,49.4
2021-05-08T11:00,51.4
2021-05-08T12:00,52.5
2021-05-08T13:00,54.1
2021-05-08T14:00,55.8
2021-05-08T15:00,55.7
2021-05-08T16:00,55.3
2021-05-08T17:00,54.4
2021-05-08T18:00,52.5
2021-05-08T19:00,51.5
2021-05-08T20:00,50.8
2021-05-08T21:00,50.4
2021-05-08T22:00,50.0
2021-05-08T23:00,48.8
2021-05-09T00:00,48.7
2021-05-09T01:00,49.3
2021-05-09T02:00,48.7
2021-05-09T03:00,48.8
2021-05-09T04:00,49.3
2021-05-09T05:00,49.9
2021-05-09T06:00,50.4
2021-05-09T07:00,50.5
2021-05-09T08:00,52.2
2021-05-09T09:00,53.8
2021-05-09T10:00,55.3
2021-05-09T11:00,57.0
2021-05-09T12:00,58.3
2021-05-09T13:00,59.3
2021-05-09T14:00,59.7
2021-05-09T15:00,59.6
2021-05-09T16:00,59.7
2021-05-09T17:00,58.5
2021-05-09T18:00,57.0
2021-05-09T19:00,54.3
2021-05-09T20:00,52.3
2021-05-09T21:00,51.3
2021-05-09T22:00,50.0
2021-05-09T23:00,48.6
2021-05-10T00:00,46.7
2021-05-10T01:00,45.0
2021-05-10T02:00,43.4
2021-05-10T03:00,43.3
2021-05-10T04:00,44.5
2021-05-10T05:00,45.6
2021-05-10T06:00,47.9
2021-05-10T07:00,50.2
2021-05-10T08:00,52.8
2021-05-10T09:00,54.7
2021-05-10T10:00,55.8
2021-05-10T11:00,57.5
2021-05-10T12:00,59.2
2021-05-10T13:00,60.1
2021-05-10T14:00,61.2
2021-05-10T15:00,61.9
2021-05-10T16:00,62.2
2021-05-10T17:00,61.2
2021-05-10T18:00,59.2
2021-05-10T19:00,56.8
2021-05-10T20:00,54.9
2021-05-10T21:00,52.8
2021-05-10T22:00,50.9
2021-05-10T23:00,49.4
2021-05-11T00:00,47.8
2021-05-11T01:00,46.6
2021-05-11T02:00,46.2
2021-05-11T03:00,45.8
2021-05-11T04:00,45.2
2021-05-11T05:00,46.4
2021-05-11T06:00,49.1
2021-05-11T07:00,51.1
2021-05-11T08:00,53.2
2021-05-11T09:00,55.6
2021-05-11T10:00,58.5
2021-05-11T11:00,60.5
2021-05-11T12:00,62.0
2021-05-11T13:00,63.2
2021-05-11T14:00,64.1
2021-05-11T15:00,64.4
2021-05-11T16:00,64.7
2021-05-11T17:00,63.4
2021-05-11T18:00,61.7
2021-05-11T19:00,59.2
2021-05-11T20:00,57.0
2021-05-11T21:00,54.7
2021-05-11T22:00,53.2
2021-05-11T23:00,52.6
2021-05-12T00:00,52.2
2021-05-12T01:00,51.8
2021-05-12T02:00,52.1
2021-05-12T03:00,52.6
2021-05-12T04:00,51.6
2021-05-12T05:00,51.7
2021-05-12T06:00,53.5
2021-05-12T07:00,55.1
2021-05-12T08:00,56.1
2021-05-12T09:00,57.9
2021-05-12T10:00,59.5
2021-05-12T11:00,62.8
2021-05-12T12:00,64.5
2021-05-12T13:00,64.4
2021-05-12T14:00,64.0
2021-05-12T15:00,64.1
2021-05-12T16:00,63.9
2021-05-12T17:00,62.7
2021-05-12T18:00,61.0
2021-05-12T19:00,58.5
2021-05-12T20:00,55.6
2021-05-12T21:00,54.1
2021-05-12T22:00,52.9
2021-05-12T23:00,52.1
2021-05-13T00:00,51.1
2021-05-13T01:00,50.4
2021-05-13T02:00,49.5
2021-05-13T03:00,49.4
2021-05-13T04:00,49.5
2021-05-13T05:00,49.6
2021-05-13T06:00,51.0
2021-05-13T07:00,52.3
2021-05-13T08:00,54.7
2021-05-13T09:00,57.7
2021-05-13T10:00,60.7
2021-05-13T11:00,62.7
2021-05-13T12:00,64.3
2021-05-13T13:00,65.7
2021-05-13T14:00,66.3
2021-05-13T15:00,66.5
2021-05-13T16:00,67.4
2021-05-13T17:00,66.8
2021-05-13T18:00,65.6
2021-05-13T19:00,62.2
2021-05-13T20:00,58.0
2021-05-13T21:00,56.0
2021-05-13T22:00,54.5
2021-05-13T23:00,53.2
2021-05-14T00:00,51.9
2021-05-14T01:00,49.9
2021-05-14T02:00,47.7
2021-05-14T03:00,46.8
2021-05-14T04:00,49.2
2021-05-14T05:00,49.5
2021-05-14T06:00,52.4
2021-05-14T07:00,54.8
2021-05-14T08:00,57.5
2021-05-14T09:00,60.1
2021-05-14T10:00,62.7
2021-05-14T11:00,65.0
2021-05-14T12:00,66.7
2021-05-14T13:00,67.5
2021-05-14T14:00,67.6
2021-05-14T15:00,67.9
2021-05-14T16:00,68.7
2021-05-14T17:00,67.1
2021-05-14T18:00,64.7
2021-05-14T19:00,60.9
2021-05-14T20:00,57.2
2021-05-14T21:00,55.6
2021-05-14T22:00,54.0
2021-05-14T23:00,52.7
2021-05-15T00:00,52.0
2021-05-15T01:00,50.4
2021-05-15T02:00,49.2
2021-05-15T03:00,48.3
2021-05-15T04:00,48.0
2021-05-15T05:00,48.8
2021-05-15T06:00,50.5
2021-05-15T07:00,53.2
2021-05-15T08:00,57.3
2021-05-15T09:00,60.2
2021-05-15T10:00,62.1
2021-05-15T11:00,64.0
2021-05-15T12:00,65.7
2021-05-15T13:00,67.2
2021-05-15T14:00,68.1
2021-05-15T15:00,68.0
2021-05-15T16:00,68.4
2021-05-15T17:00,67.0
2021-05-15T18:00,65.6
2021-05-15T19:00,62.7
2021-05-15T20:00,59.3
2021-05-15T21:00,56.8
2021-05-15T22:00,55.4
2021-05-15T23:00,52.4
2021-05-16T00:00,50.0
2021-05-16T01:00,49.3
2021-05-16T02:00,48.7
2021-05-16T03:00,49.5
2021-05-16T04:00,49.0
2021-05-16T05:00,48.9
2021-05-16T06:00,52.8
2021-05-16T07:00,55.7
2021-05-16T08:00,58.4
2021-05-16T09:00,61.0
2021-05-16T10:00,63.6
2021-05-16T11:00,65.9
2021-05-16T12:00,68.1
2021-05-16T13:00,70.0
2021-05-16T14:00,71.4
2021-05-16T15:00,72.2
2021-05-16T16:00,72.9
2021-05-16T17:00,72.8
2021-05-16T18:00,70.5
2021-05-16T19:00,62.5
2021-05-16T20:00,58.6
2021-05-16T21:00,57.1
2021-05-16T22:00,54.9
2021-05-16T23:00,55.6
2021-05-17T00:00,54.8
2021-05-17T01:00,55.2
2021-05-17T02:00,53.3
2021-05-17T03:00,52.9
2021-05-17T04:00,51.6
2021-05-17T05:00,51.5
2021-05-17T06:00,51.3
2021-05-17T07:00,51.8
2021-05-17T08:00,52.5
2021-05-17T09:00,53.4
2021-05-17T10:00,55.4
2021-05-17T11:00,56.3
2021-05-17T12:00,58.7
2021-05-17T13:00,61.2
2021-05-17T14:00,64.0
2021-05-17T15:00,64.9
2021-05-17T16:00,58.3
2021-05-17T17:00,55.5
2021-05-17T18:00,54.0
2021-05-17T19:00,53.0
2021-05-17T20:00,52.2
2021-05-17T21:00,52.2
2021-05-17T22:00,51.4
2021-05-17T23:00,49.8
2021-05-18T00:00,48.6
2021-05-18T01:00,48.0
2021-05-18T02:00,47.7
2021-05-18T03:00,47.2
2021-05-18T04:00,46.4
2021-05-18T05:00,46.4
2021-05-18T06:00,47.7
2021-05-18T07:00,49.6
2021-05-18T08:00,52.1
2021-05-18T09:00,53.9
2021-05-18T10:00,55.5
2021-05-18T11:00,56.7
2021-05-18T12:00,57.6
2021-05-18T13:00,57.6
2021-05-18T14:00,58.4
2021-05-18T15:00,57.7
2021-05-18T16:00,53.2
2021-05-18T17:00,54.0
2021-05-18T18:00,51.6
2021-05-18T19:00,50.1
2021-05-18T20:00,49.0
2021-05-18T21:00,47.8
2021-05-18T22:00,47.4
2021-05-18T23:00,47.1
2021-05-19T00:00,47.5
2021-05-19T01:00,47.6
2021-05-19T02:00,47.6
2021-05-19T03:00,46.7
2021-05-19T04:00,46.6
2021-05-19T05:00,46.7
2021-05-19T06:00,47.2
2021-05-19T07:00,47.5
2021-05-19T08:00,48.3
2021-05-19T09:00,49.8
2021-05-19T10:00,51.3
2021-05-19T11:00,53.0
2021-05-19T12:00,53.7
2021-05-19T13:00,53.4
2021-05-19T14:00,54.8
2021-05-19T15:00,55.1
2021-05-19T16:00,56.7
2021-05-19T17:00,55.9
2021-05-19T18:00,55.0
2021-05-19T19:00,52.7
2021-05-19T20:00,50.5
2021-05-19T21:00,49.2
2021-05-19T22:00,47.2
2021-05-19T23:00,45.2
2021-05-20T00:00,45.4
2021-05-20T01:00,45.1
2021-05-20T02:00,45.1
2021-05-20T03:00,45.2
2021-05-20T04:00,46.7
2021-05-20T05:00,46.2
2021-05-20T06:00,46.3
2021-05-20T07:00,46.9
2021-05-20T08:00,48.3
2021-05-20T09:00,50.8
2021-05-20T10:00,51.8
2021-05-20T11:00,52.6
2021-05-20T12:00,53.5
2021-05-20T13:00,54.9
2021-05-20T14:00,57.5
2021-05-20T15:00,58.6
2021-05-20T16:00,59.9
2021-05-20T17:00,60.1
2021-05-20T18:00,60.0
2021-05-20T19:00,58.3
2021-05-20T20:00,54.0
2021-05-20T21:00,53.5
2021-05-20T22:00,52.3
2021-05-20T23:00,51.1
2021-05-21T00:00,49.6
2021-05-21T01:00,48.6
2021-05-21T02:00,47.7
2021-05-21T03:00,47.0
2021-05-21T04:00,46.2
2021-05-21T05:00,46.9
2021-05-21T06:00,47.8
2021-05-21T07:00,48.7
2021-05-21T08:00,50.5
2021-05-21T09:00,51.5
2021-05-21T10:00,54.0
2021-05-21T11:00,56.3
2021-05-21T12:00,57.6
2021-05-21T13:00,59.3
2021-05-21T14:00,61.1
2021-05-21T15:00,62.6
2021-05-21T16:00,59.4
2021-05-21T17:00,60.4
2021-05-21T18:00,60.3
2021-05-21T19:00,59.4
2021-05-21T20:00,59.2
2021-05-21T21:00,56.5
2021-05-21T22:00,51.9
2021-05-21T23:00,52.3
2021-05-22T00:00,49.4
2021-05-22T01:00,48.8
2021-05-22T02:00,50.5
2021-05-22T03:00,49.7
2021-05-22T04:00,48.2
2021-05-22T05:00,47.8
2021-05-22T06:00,48.2
2021-05-22T07:00,49.9
2021-05-22T08:00,51.0
2021-05-22T09:00,52.7
2021-05-22T10:00,55.4
2021-05-22T11:00,57.7
2021-05-22T12:00,59.8
2021-05-22T13:00,62.0
2021-05-22T14:00,64.0
2021-05-22T15:00,65.1
2021-05-22T16:00,61.2
2021-05-22T17:00,63.4
2021-05-22T18:00,63.1
2021-05-22T19:00,62.2
2021-05-22T20:00,60.5
2021-05-22T21:00,59.5
2021-05-22T22:00,58.5
2021-05-22T23:00,56.5
2021-05-23T00:00,54.8
2021-05-23T01:00,54.0
2021-05-23T02:00,53.4
2021-05-23T03:00,53.3
2021-05-23T04:00,53.2
2021-05-23T05:00,53.8
2021-05-23T06:00,54.6
2021-05-23T07:00,55.0
2021-05-23T08:00,55.5
2021-05-23T09:00,56.4
2021-05-23T10:00,57.1
2021-05-23T11:00,58.8
2021-05-23T12:00,59.5
2021-05-23T13:00,60.7
2021-05-23T14:00,61.8
2021-05-23T15:00,61.8
2021-05-23T16:00,59.0
2021-05-23T17:00,56.8
2021-05-23T18:00,55.4
2021-05-23T19:00,54.8
2021-05-23T20:00,53.6
2021-05-23T21:00,53.3
2021-05-23T22:00,52.7
2021-05-23T23:00,52.2
2021-05-24T00:00,51.9
2021-05-24T01:00,51.8
2021-05-24T02:00,51.7
2021-05-24T03:00,51.4
2021-05-24T04:00,50.9
2021-05-24T05:00,51.3
2021-05-24T06:00,51.2
2021-05-24T07:00,51.6
2021-05-24T08:00,52.4
2021-05-24T09:00,53.9
2021-05-24T10:00,54.0
2021-05-24T11:00,54.6
2021-05-24T12:00,54.8
2021-05-24T13:00,55.7
2021-05-24T14:00,57.7
2021-05-24T15:00,58.5
2021-05-24T16:00,60.3
2021-05-24T17:00,60.0
2021-05-24T18:00,60.4
2021-05-24T19:00,59.4
2021-05-24T20:00,56.5
2021-05-24T21:00,54.6
2021-05-24T22:00,54.0
2021-05-24T23:00,53.9
2021-05-25T00:00,53.3
2021-05-25T01:00,52.9
2021-05-25T02:00,52.6
2021-05-25T03:00,52.7
2021-05-25T04:00,52.4
2021-05-25T05:00,52.2
2021-05-25T06:00,52.4
2021-05-25T07:00,53.1
2021-05-25T08:00,54.7
2021-05-25T09:00,56.7
2021-05-25T10:00,58.7
2021-05-25T11:00,60.5
2021-05-25T12:00,62.2
2021-05-25T13:00,63.6
2021-05-25T14:00,64.5
2021-05-25T15:00,65.7
2021-05-25T16:00,62.0
2021-05-25T17:00,61.3
2021-05-25T18:00,61.2
2021-05-25T19:00,59.4
2021-05-25T20:00,57.7
2021-05-25T21:00,56.4
2021-05-25T22:00,55.0
2021-05-25T23:00,53.8
2021-05-26T00:00,52.7
2021-05-26T01:00,52.4
2021-05-26T02:00,51.4
2021-05-26T03:00,50.9
2021-05-26T04:00,50.5
2021-05-26T05:00,51.0
2021-05-26T06:00,52.2
2021-05-26T07:00,53.7
2021-05-26T08:00,55.2
2021-05-26T09:00,56.8
2021-05-26T10:00,57.7
2021-05-26T11:00,59.0
2021-05-26T12:00,60.5
2021-05-26T13:00,61.6
2021-05-26T14:00,63.0
2021-05-26T15:00,63.7
2021-05-26T16:00,62.2
2021-05-26T17:00,62.2
2021-05-26T18:00,62.1
2021-05-26T19:00,61.2
2021-05-26T20:00,56.6
2021-05-26T21:00,57.2
2021-05-26T22:00,56.0
2021-05-26T23:00,55.4
2021-05-27T00:00,54.3
2021-05-27T01:00,54.0
2021-05-27T02:00,53.2
2021-05-27T03:00,52.7
2021-05-27T04:00,52.7
2021-05-27T05:00,52.6
2021-05-27T06:00,51.7
2021-05-27T07:00,52.0
2021-05-27T08:00,53.8
2021-05-27T09:00,56.2
2021-05-27T10:00,58.1
2021-05-27T11:00,59.2
2021-05-27T12:00,58.1
2021-05-27T13:00,58.4
2021-05-27T14:00,57.2
2021-05-27T15:00,55.1
2021-05-27T16:00,56.3
2021-05-27T17:00,54.3
2021-05-27T18:00,53.8
2021-05-27T19:00,53.0
2021-05-27T20:00,51.9
2021-05-27T21:00,51.1
2021-05-27T22:00,50.8
2021-05-27T23:00,50.5
2021-05-28T00:00,50.1
2021-05-28T01:00,50.0
2021-05-28T02:00,50.0
2021-05-28T03:00,49.8
2021-05-28T04:00,48.6
2021-05-28T05:00,48.8
2021-05-28T06:00,49.6
2021-05-28T07:00,51.1
2021-05-28T08:00,52.8
2021-05-28T09:00,54.8
2021-05-28T10:00,55.8
2021-05-28T11:00,57.6
2021-05-28T12:00,59.2
2021-05-28T13:00,60.9
2021-05-28T14:00,61.7
2021-05-28T15:00,63.2
2021-05-28T16:00,60.5
2021-05-28T17:00,60.7
2021-05-28T18:00,59.4
2021-05-28T19:00,57.3
2021-05-28T20:00,54.4
2021-05-28T21:00,51.9
2021-05-28T22:00,50.4
2021-05-28T23:00,49.7
2021-05-29T00:00,48.8
2021-05-29T01:00,47.7
2021-05-29T02:00,47.0
2021-05-29T03:00,46.8
2021-05-29T04:00,46.5
2021-05-29T05:00,47.5
2021-05-29T06:00,49.4
2021-05-29T07:00,51.5
2021-05-29T08:00,54.1
2021-05-29T09:00,56.6
2021-05-29T10:00,58.3
2021-05-29T11:00,60.1
2021-05-29T12:00,61.8
2021-05-29T13:00,63.5
2021-05-29T14:00,64.8
2021-05-29T15:00,65.2
2021-05-29T16:00,66.1
2021-05-29T17:00,65.0
2021-05-29T18:00,63.0
2021-05-29T19:00,60.0
2021-05-29T20:00,56.4
2021-05-29T21:00,55.2
2021-05-29T22:00,53.5
2021-05-29T23:00,51.3
2021-05-30T00:00,49.8
2021-05-30T01:00,48.2
2021-05-30T02:00,48.4
2021-05-30T03:00,47.8
2021-05-30T04:00,48.1
2021-05-30T05:00,50.2
2021-05-30T06:00,51.9
2021-05-30T07:00,54.6
2021-05-30T08:00,56.9
2021-05-30T09:00,59.5
2021-05-30T10:00,62.7
2021-05-30T11:00,64.8
2021-05-30T12:00,63.4
2021-05-30T13:00,63.7
2021-05-30T14:00,63.1
2021-05-30T15:00,65.6
2021-05-30T16:00,67.2
2021-05-30T17:00,65.4
2021-05-30T18:00,63.8
2021-05-30T19:00,61.6
2021-05-30T20:00,58.6
2021-05-30T21:00,56.9
2021-05-30T22:00,55.1
2021-05-30T23:00,52.7
2021-05-31T00:00,52.6
2021-05-31T01:00,52.5
2021-05-31T02:00,52.0
2021-05-31T03:00,50.8
2021-05-31T04:00,51.0
2021-05-31T05:00,53.1
2021-05-31T06:00,54.7
2021-05-31T07:00,56.8
2021-05-31T08:00,59.5
2021-05-31T09:00,62.6
2021-05-31T10:00,66.0
2021-05-31T11:00,68.4
2021-05-31T12:00,70.5
2021-05-31T13:00,72.2
2021-05-31T14:00,73.0
2021-05-31T15:00,72.5
2021-05-31T16:00,74.3
2021-05-31T17:00,72.9
2021-05-31T18:00,70.7
2021-05-31T19:00,67.6
2021-05-31T20:00,64.1
2021-05-31T21:00,61.8
2021-05-31T22:00,60.3
2021-05-31T23:00,59.1
2021-06-01T00:00,58.3
2021-06-01T01:00,57.4
2021-06-01T02:00,56.9
2021-06-01T03:00,56.2
2021-06-01T04:00,55.0
2021-06-01T05:00,57.0
2021-06-01T06:00,60.2
2021-06-01T07:00,63.6
2021-06-01T08:00,66.7
2021-06-01T09:00,69.0
2021-06-01T10:00,70.8
2021-06-01T11:00,72.6
2021-06-01T12:00,74.4
2021-06-01T13:00,75.7
2021-06-01T14:00,76.6
2021-06-01T15:00,77.3
2021-06-01T16:00,79.8
2021-06-01T17:00,78.2
2021-06-01T18:00,76.6
2021-06-01T19:00,73.6
2021-06-01T20:00,69.1
2021-06-01T21:00,66.4
2021-06-01T22:00,63.6
2021-06-01T23:00,60.8
2021-06-02T00:00,58.0
2021-06-02T01:00,60.3
2021-06-02T02:00,57.8
2021-06-02T03:00,58.6
2021-06-02T04:00,58.3
2021-06-02T05:00,58.5
2021-06-02T06:00,60.5
2021-06-02T07:00,63.6
2021-06-02T08:00,67.2
2021-06-02T09:00,70.4
2021-06-02T10:00,73.0
2021-06-02T11:00,75.5
2021-06-02T12:00,77.4
2021-06-02T13:00,78.9
2021-06-02T14:00,80.3
2021-06-02T15:00,81.8
2021-06-02T16:00,81.6
2021-06-02T17:00,78.3
2021-06-02T18:00,73.8
2021-06-02T19:00,69.1
2021-06-02T20:00,65.0
2021-06-02T21:00,63.0
2021-06-02T22:00,61.7
2021-06-02T23:00,59.8
2021-06-03T00:00,58.3
2021-06-03T01:00,58.5
2021-06-03T02:00,58.1
2021-06-03T03:00,58.0
2021-06-03T04:00,58.3
2021-06-03T05:00,58.7
2021-06-03T06:00,59.9
2021-06-03T07:00,61.8
2021-06-03T08:00,64.0
2021-06-03T09:00,66.4
2021-06-03T10:00,68.1
2021-06-03T11:00,69.2
2021-06-03T12:00,70.3
2021-06-03T13:00,73.1
2021-06-03T14:00,74.7
2021-06-03T15:00,73.5
2021-06-03T16:00,71.6
2021-06-03T17:00,72.0
2021-06-03T18:00,69.5
2021-06-03T19:00,64.0
2021-06-03T20:00,61.3
2021-06-03T21:00,59.9
2021-06-03T22:00,59.2
2021-06-03T23:00,59.0
2021-06-04T00:00,58.6
2021-06-04T01:00,58.0
2021-06-04T02:00,57.3
2021-06-04T03:00,55.7
2021-06-04T04:00,55.3
2021-06-04T05:00,54.7
2021-06-04T06:00,54.6
2021-06-04T07:00,55.4
2021-06-04T08:00,56.9
2021-06-04T09:00,58.8
2021-06-04T10:00,59.6
2021-06-04T11:00,61.0
2021-06-04T12:00,63.1
2021-06-04T13:00,65.9
2021-06-04T14:00,68.6
2021-06-04T15:00,72.1
2021-06-04T16:00,64.4
2021-06-04T17:00,66.5
2021-06-04T18:00,66.9
2021-06-04T19:00,65.8
2021-06-04T20:00,62.7
2021-06-04T21:00,60.6
2021-06-04T22:00,58.9
2021-06-04T23:00,57.6
2021-06-05T00:00,56.8
2021-06-05T01:00,55.9
2021-06-05T02:00,54.9
2021-06-05T03:00,54.4
2021-06-05T04:00,54.0
2021-06-05T05:00,54.6
2021-06-05T06:00,55.2
2021-06-05T07:00,56.2
2021-06-05T08:00,56.2
2021-06-05T09:00,57.2
2021-06-05T10:00,57.7
2021-06-05T11:00,61.6
2021-06-05T12:00,62.2
2021-06-05T13:00,62.1
2021-06-05T14:00,60.5
2021-06-05T15:00,58.5
2021-06-05T16:00,57.1
2021-06-05T17:00,57.5
2021-06-05T18:00,56.1
2021-06-05T19:00,54.8
2021-06-05T20:00,53.4
2021-06-05T21:00,53.2
2021-06-05T22:00,52.3
2021-06-05T23:00,50.9
2021-06-06T00:00,49.8
2021-06-06T01:00,49.1
2021-06-06T02:00,48.7
2021-06-06T03:00,48.7
2021-06-06T04:00,49.0
2021-06-06T05:00,49.5
2021-06-06T06:00,50.2
2021-06-06T07:00,51.2
2021-06-06T08:00,52.2
2021-06-06T09:00,52.2
2021-06-06T10:00,53.0
2021-06-06T11:00,53.1
2021-06-06T12:00,55.0
2021-06-06T13:00,54.0
2021-06-06T14:00,53.2
2021-06-06T15:00,54.5
2021-06-06T16:00,53.9
2021-06-06T17:00,54.0
2021-06-06T18:00,52.8
2021-06-06T19:00,51.3
2021-06-06T20:00,50.5
2021-06-06T21:00,49.9
2021-06-06T22:00,49.7
2021-06-06T23:00,48.7
2021-06-07T00:00,49.1
2021-06-07T01:00,48.8
2021-06-07T02:00,48.6
2021-06-07T03:00,48.1
2021-06-07T04:00,47.1
2021-06-07T05:00,47.6
2021-06-07T06:00,48.1
2021-06-07T07:00,48.6
2021-06-07T08:00,49.3
2021-06-07T09:00,50.7
2021-06-07T10:00,53.4
2021-06-07T11:00,55.0
2021-06-07T12:00,56.1
2021-06-07T13:00,56.8
2021-06-07T14:00,57.3
2021-06-07T15:00,58.1
2021-06-07T16:00,59.9
2021-06-07T17:00,60.2
2021-06-07T18:00,59.5
2021-06-07T19:00,58.2
2021-06-07T20:00,55.1
2021-06-07T21:00,55.2
2021-06-07T22:00,53.2
2021-06-07T23:00,51.8
2021-06-08T00:00,51.2
2021-06-08T01:00,49.1
2021-06-08T02:00,49.1
2021-06-08T03:00,47.0
2021-06-08T04:00,47.7
2021-06-08T05:00,50.9
2021-06-08T06:00,52.2
2021-06-08T07:00,53.8
2021-06-08T08:00,55.3
2021-06-08T09:00,56.8
2021-06-08T10:00,58.1
2021-06-08T11:00,59.2
2021-06-08T12:00,60.8
2021-06-08T13:00,61.4
2021-06-08T14:00,62.2
2021-06-08T15:00,63.3
2021-06-08T16:00,62.7
2021-06-08T17:00,63.1
2021-06-08T18:00,61.2
2021-06-08T19:00,59.9
2021-06-08T20:00,58.2
2021-06-08T21:00,57.0
2021-06-08T22:00,55.5
2021-06-08T23:00,53.8
2021-06-09T00:00,52.6
2021-06-09T01:00,51.8
2021-06-09T02:00,51.6
2021-06-09T03:00,50.6
2021-06-09T04:00,49.6
2021-06-09T05:00,50.1
2021-06-09T06:00,51.5
2021-06-09T07:00,53.5
2021-06-09T08:00,55.8
2021-06-09T09:00,58.0
2021-06-09T10:00,59.6
2021-06-09T11:00,60.9
2021-06-09T12:00,61.9
2021-06-09T13:00,62.4
2021-06-09T14:00,63.6
2021-06-09T15:00,64.1
2021-06-09T16:00,64.8
2021-06-09T17:00,64.2
2021-06-09T18:00,62.9
2021-06-09T19:00,60.4
2021-06-09T20:00,57.3
2021-06-09T21:00,55.6
2021-06-09T22:00,54.2
2021-06-09T23:00,53.2
2021-06-10T00:00,53.2
2021-06-10T01:00,53.0
2021-06-10T02:00,52.0
2021-06-10T03:00,51.5
2021-06-10T04:00,52.0
2021-06-10T05:00,51.4
2021-06-10T06:00,51.5
2021-06-10T07:00,52.5
2021-06-10T08:00,53.9
2021-06-10T09:00,55.8
2021-06-10T10:00,58.3
2021-06-10T11:00,61.1
2021-06-10T12:00,62.3
2021-06-10T13:00,64.1
2021-06-10T14:00,64.8
2021-06-10T15:00,64.8
2021-06-10T16:00,63.0
2021-06-10T17:00,63.9
2021-06-10T18:00,62.6
2021-06-10T19:00,60.9
2021-06-10T20:00,60.7
2021-06-10T21:00,58.5
2021-06-10T22:00,57.7
2021-06-10T23:00,56.4
2021-06-11T00:00,55.6
2021-06-11T01:00,55.2
2021-06-11T02:00,55.9
2021-06-11T03:00,55.0
2021-06-11T04:00,56.1
2021-06-11T05:00,55.4
2021-06-11T06:00,55.4
2021-06-11T07:00,55.7
2021-06-11T08:00,57.3
2021-06-11T09:00,57.3
2021-06-11T10:00,58.2
2021-06-11T11:00,57.3
2021-06-11T12:00,57.4
2021-06-11T13:00,60.5
2021-06-11T14:00,60.1
2021-06-11T15:00,60.5
2021-06-11T16:00,56.8
2021-06-11T17:00,57.8
2021-06-11T18:00,59.5
2021-06-11T19:00,59.5
2021-06-11T20:00,57.4
2021-06-11T21:00,57.6
2021-06-11T22:00,56.9
2021-06-11T23:00,56.8
2021-06-12T00:00,56.1
2021-06-12T01:00,56.1
2021-06-12T02:00,55.8
2021-06-12T03:00,55.1
2021-06-12T04:00,54.7
2021-06-12T05:00,55.3
2021-06-12T06:00,56.8
2021-06-12T07:00,58.4
2021-06-12T08:00,60.1
2021-06-12T09:00,61.4
2021-06-12T10:00,62.6
2021-06-12T11:00,64.0
2021-06-12T12:00,65.8
2021-06-12T13:00,67.6
2021-06-12T14:00,68.6
2021-06-12T15:00,70.0
2021-06-12T16:00,71.2
2021-06-12T17:00,69.7
2021-06-12T18:00,67.5
2021-06-12T19:00,66.6
2021-06-12T20:00,65.0
2021-06-12T21:00,63.2
2021-06-12T22:00,61.8
2021-06-12T23:00,60.1
2021-06-13T00:00,59.8
2021-06-13T01:00,59.6
2021-06-13T02:00,59.7
2021-06-13T03:00,59.7
2021-06-13T04:00,60.3
2021-06-13T05:00,60.1
2021-06-13T06:00,60.3
2021-06-13T07:00,60.8
2021-06-13T08:00,61.8
2021-06-13T09:00,61.2
2021-06-13T10:00,62.5
2021-06-13T11:00,63.6
2021-06-13T12:00,64.0
2021-06-13T13:00,64.9
2021-06-13T14:00,65.0
2021-06-13T15:00,63.5
2021-06-13T16:00,60.1
2021-06-13T17:00,60.1
2021-06-13T18:00,60.8
2021-06-13T19:00,61.2
2021-06-13T20:00,59.7
2021-06-13T21:00,58.6
2021-06-13T22:00,59.2
2021-06-13T23:00,58.2
2021-06-14T00:00,57.8
2021-06-14T01:00,58.4
2021-06-14T02:00,58.1
2021-06-14T03:00,57.7
2021-06-14T04:00,58.8
2021-06-14T05:00,58.6
2021-06-14T06:00,59.1
2021-06-14T07:00,59.2
2021-06-14T08:00,58.8
2021-06-14T09:00,59.2
2021-06-14T10:00,60.3
2021-06-14T11:00,60.4
2021-06-14T12:00,61.3
2021-06-14T13:00,63.6
2021-06-14T14:00,63.2
2021-06-14T15:00,64.2
2021-06-14T16:00,63.0
2021-06-14T17:00,63.2
2021-06-14T18:00,63.3
2021-06-14T19:00,62.5
2021-06-14T20:00,60.5
2021-06-14T21:00,59.3
2021-06-14T22:00,58.5
2021-06-14T23:00,57.7
2021-06-15T00:00,56.6
2021-06-15T01:00,55.8
2021-06-15T02:00,55.0
2021-06-15T03:00,54.5
2021-06-15T04:00,54.7
2021-06-15T05:00,55.1
2021-06-15T06:00,56.4
2021-06-15T07:00,57.6
2021-06-15T08:00,58.2
2021-06-15T09:00,60.1
2021-06-15T10:00,61.9
2021-06-15T11:00,63.0
2021-06-15T12:00,65.1
2021-06-15T13:00,65.8
2021-06-15T14:00,66.3
2021-06-15T15:00,64.1
2021-06-15T16:00,63.7
2021-06-15T17:00,64.2
2021-06-15T18:00,63.8
2021-06-15T19:00,61.7
2021-06-15T20:00,59.7
2021-06-15T21:00,58.2
2021-06-15T22:00,57.1
2021-06-15T23:00,56.2
2021-06-16T00:00,55.1
2021-06-16T01:00,54.3
2021-06-16T02:00,53.7
2021-06-16T03:00,53.4
2021-06-16T04:00,53.2
2021-06-16T05:00,54.3
2021-06-16T06:00,55.0
2021-06-16T07:00,55.9
2021-06-16T08:00,57.2
2021-06-16T09:00,59.2
2021-06-16T10:00,60.3
2021-06-16T11:00,62.7
2021-06-16T12:00,64.7
2021-06-16T13:00,64.8
2021-06-16T14:00,65.7
2021-06-16T15:00,67.2
2021-06-16T16:00,67.9
2021-06-16T17:00,66.7
2021-06-16T18:00,65.5
2021-06-16T19:00,63.7
2021-06-16T20:00,60.3
2021-06-16T21:00,58.5
2021-06-16T22:00,57.2
2021-06-16T23:00,55.8
2021-06-17T00:00,54.3
2021-06-17T01:00,52.5
2021-06-17T02:00,50.6
2021-06-17T03:00,49.9
2021-06-17T04:00,50.0
2021-06-17T05:00,52.5
2021-06-17T06:00,55.1
2021-06-17T07:00,57.5
2021-06-17T08:00,59.9
2021-06-17T09:00,62.3
2021-06-17T10:00,64.6
2021-06-17T11:00,66.6
2021-06-17T12:00,68.7
2021-06-17T13:00,70.7
2021-06-17T14:00,71.7
2021-06-17T15:00,71.5
2021-06-17T16:00,74.3
2021-06-17T17:00,72.3
2021-06-17T18:00,69.2
2021-06-17T19:00,64.9
2021-06-17T20:00,61.4
2021-06-17T21:00,59.3
2021-06-17T22:00,58.1
2021-06-17T23:00,56.7
2021-06-18T00:00,55.6
2021-06-18T01:00,54.9
2021-06-18T02:00,54.3
2021-06-18T03:00,53.5
2021-06-18T04:00,53.2
2021-06-18T05:00,54.2
2021-06-18T06:00,56.2
2021-06-18T07:00,58.5
2021-06-18T08:00,60.9
2021-06-18T09:00,62.6
2021-06-18T10:00,64.0
2021-06-18T11:00,64.6
2021-06-18T12:00,65.5
2021-06-18T13:00,67.3
2021-06-18T14:00,67.8
2021-06-18T15:00,67.6
2021-06-18T16:00,68.1
2021-06-18T17:00,66.5
2021-06-18T18:00,65.1
2021-06-18T19:00,63.1
2021-06-18T20:00,60.0
2021-06-18T21:00,57.5
2021-06-18T22:00,56.4
2021-06-18T23:00,55.1
2021-06-19T00:00,54.2
2021-06-19T01:00,53.6
2021-06-19T02:00,53.2
2021-06-19T03:00,52.4
2021-06-19T04:00,53.1
2021-06-19T05:00,54.2
2021-06-19T06:00,55.9
2021-06-19T07:00,58.0
2021-06-19T08:00,59.9
2021-06-19T09:00,61.4
2021-06-19T10:00,62.9
2021-06-19T11:00,63.7
2021-06-19T12:00,65.2
2021-06-19T13:00,68.1
2021-06-19T14:00,70.2
2021-06-19T15:00,71.7
2021-06-19T16:00,72.0
2021-06-19T17:00,71.0
2021-06-19T18:00,70.0
2021-06-19T19:00,67.5
2021-06-19T20:00,64.6
2021-06-19T21:00,62.7
2021-06-19T22:00,61.2
2021-06-19T23:00,60.2
2021-06-20T00:00,59.5
2021-06-20T01:00,59.3
2021-06-20T02:00,58.5
2021-06-20T03:00,57.5
2021-06-20T04:00,57.1
2021-06-20T05:00,57.7
2021-06-20T06:00,59.5
2021-06-20T07:00,61.7
2021-06-20T08:00,64.0
2021-06-20T09:00,65.7
2021-06-20T10:00,68.0
2021-06-20T11:00,69.8
2021-06-20T12:00,71.2
2021-06-20T13:00,72.5
2021-06-20T14:00,73.7
2021-06-20T15:00,74.6
2021-06-20T16:00,76.6
2021-06-20T17:00,75.7
2021-06-20T18:00,73.7
2021-06-20T19:00,70.9
2021-06-20T20:00,67.7
2021-06-20T21:00,65.8
2021-06-20T22:00,64.3
2021-06-20T23:00,62.9
2021-06-21T00:00,61.5
2021-06-21T01:00,59.8
2021-06-21T02:00,58.8
2021-06-21T03:00,58.2
2021-06-21T04:00,57.1
2021-06-21T05:00,58.1
2021-06-21T06:00,60.7
2021-06-21T07:00,64.8
2021-06-21T08:00,68.4
2021-06-21T09:00,71.2
2021-06-21T10:00,73.8
2021-06-21T11:00,76.6
2021-06-21T12:00,78.9
2021-06-21T13:00,80.2
2021-06-21T14:00,80.9
2021-06-21T15:00,81.0
2021-06-21T16:00,82.1
2021-06-21T17:00,80.2
2021-06-21T18:00,78.3
2021-06-21T19:00,75.7
2021-06-21T20:00,72.5
2021-06-21T21:00,69.5
2021-06-21T22:00,67.6
2021-06-21T23:00,64.8
2021-06-22T00:00,62.9
2021-06-22T01:00,63.1
2021-06-22T02:00,60.4
2021-06-22T03:00,61.8
2021-06-22T04:00,60.8
2021-06-22T05:00,60.3
2021-06-22T06:00,60.9
2021-06-22T07:00,62.4
2021-06-22T08:00,64.1
2021-06-22T09:00,66.1
2021-06-22T10:00,68.4
2021-06-22T11:00,71.2
2021-06-22T12:00,73.7
2021-06-22T13:00,75.8
2021-06-22T14:00,77.2
2021-06-22T15:00,78.4
2021-06-22T16:00,75.9
2021-06-22T17:00,76.8
2021-06-22T18:00,76.1
2021-06-22T19:00,70.9
2021-06-22T20:00,66.6
2021-06-22T21:00,64.9
2021-06-22T22:00,63.4
2021-06-22T23:00,62.8
2021-06-23T00:00,60.7
2021-06-23T01:00,58.6
2021-06-23T02:00,57.8
2021-06-23T03:00,58.0
2021-06-23T04:00,57.6
2021-06-23T05:00,57.7
2021-06-23T06:00,57.9
2021-06-23T07:00,58.7
2021-06-23T08:00,59.5
2021-06-23T09:00,61.0
2021-06-23T10:00,62.3
2021-06-23T11:00,64.6
2021-06-23T12:00,66.8
2021-06-23T13:00,69.5
2021-06-23T14:00,72.1
2021-06-23T15:00,74.1
2021-06-23T16:00,72.7
2021-06-23T17:00,73.6
2021-06-23T18:00,72.9
2021-06-23T19:00,69.9
2021-06-23T20:00,65.5
2021-06-23T21:00,63.7
2021-06-23T22:00,62.3
2021-06-23T23:00,60.5
2021-06-24T00:00,60.1
2021-06-24T01:00,61.5
2021-06-24T02:00,62.1
2021-06-24T03:00,58.0
2021-06-24T04:00,61.5
2021-06-24T05:00,60.5
2021-06-24T06:00,61.5
2021-06-24T07:00,63.1
2021-06-24T08:00,65.5
2021-06-24T09:00,67.8
2021-06-24T10:00,70.3
2021-06-24T11:00,72.7
2021-06-24T12:00,74.6
2021-06-24T13:00,76.4
2021-06-24T14:00,77.5
2021-06-24T15:00,77.9
2021-06-24T16:00,78.1
2021-06-24T17:00,76.6
2021-06-24T18:00,75.0
2021-06-24T19:00,72.4
2021-06-24T20:00,69.2
2021-06-24T21:00,66.4
2021-06-24T22:00,64.8
2021-06-24T23:00,64.0
2021-06-25T00:00,63.3
2021-06-25T01:00,62.4
2021-06-25T02:00,61.8
2021-06-25T03:00,61.3
2021-06-25T04:00,62.6
2021-06-25T05:00,63.2
2021-06-25T06:00,65.3
2021-06-25T07:00,68.5
2021-06-25T08:00,70.7
2021-06-25T09:00,72.2
2021-06-25T10:00,73.9
2021-06-25T11:00,76.2
2021-06-25T12:00,78.3
2021-06-25T13:00,80.1
2021-06-25T14:00,81.4
2021-06-25T15:00,82.0
2021-06-25T16:00,83.9
2021-06-25T17:00,83.0
2021-06-25T18:00,82.0
2021-06-25T19:00,79.9
2021-06-25T20:00,76.6
2021-06-25T21:00,73.2
2021-06-25T22:00,70.3
2021-06-25T23:00,68.2
2021-06-26T00:00,66.6
2021-06-26T01:00,65.6
2021-06-26T02:00,64.6
2021-06-26T03:00,64.3
2021-06-26T04:00,65.8
2021-06-26T05:00,66.6
2021-06-26T06:00,69.2
2021-06-26T07:00,73.2
2021-06-26T08:00,77.4
2021-06-26T09:00,81.4
2021-06-26T10:00,84.2
2021-06-26T11:00,86.4
2021-06-26T12:00,88.6
2021-06-26T13:00,90.9
2021-06-26T14:00,92.5
2021-06-26T15:00,92.3
2021-06-26T16:00,94.3
2021-06-26T17:00,91.4
2021-06-26T18:00,87.3
2021-06-26T19:00,83.4
2021-06-26T20:00,80.2
2021-06-26T21:00,77.9
2021-06-26T22:00,76.2
2021-06-26T23:00,75.0
2021-06-27T00:00,73.5
2021-06-27T01:00,72.0
2021-06-27T02:00,70.8
2021-06-27T03:00,70.0
2021-06-27T04:00,68.1
2021-06-27T05:00,68.9
2021-06-27T06:00,71.7
2021-06-27T07:00,75.4
2021-06-27T08:00,79.6
2021-06-27T09:00,83.4
2021-06-27T10:00,86.2
2021-06-27T11:00,89.0
2021-06-27T12:00,91.0
2021-06-27T13:00,92.2
2021-06-27T14:00,93.1
2021-06-27T15:00,93.7
2021-06-27T16:00,93.7
2021-06-27T17:00,91.9
2021-06-27T18:00,89.8
2021-06-27T19:00,86.3
2021-06-27T20:00,81.9
2021-06-27T21:00,79.2
2021-06-27T22:00,77.3
2021-06-27T23:00,75.8
2021-06-28T00:00,74.3
2021-06-28T01:00,72.9
2021-06-28T02:00,71.8
2021-06-28T03:00,71.2
2021-06-28T04:00,70.3
2021-06-28T05:00,69.9
2021-06-28T06:00,73.5
2021-06-28T07:00,79.4
2021-06-28T08:00,85.3
2021-06-28T09:00,91.5
2021-06-28T10:00,96.2
2021-06-28T11:00,97.7
2021-06-28T12:00,98.1
2021-06-28T13:00,99.2
2021-06-28T14:00,100.2
2021-06-28T15:00,99.9
2021-06-28T16:00,97.7
2021-06-28T17:00,96.0
2021-06-28T18:00,94.3
2021-06-28T19:00,89.9
2021-06-28T20:00,86.2
2021-06-28T21:00,82.9
2021-06-28T22:00,80.3
2021-06-28T23:00,76.8
2021-06-29T00:00,74.8
2021-06-29T01:00,71.0
2021-06-29T02:00,66.8
2021-06-29T03:00,65.9
2021-06-29T04:00,65.1
2021-06-29T05:00,65.5
2021-06-29T06:00,66.5
2021-06-29T07:00,67.7
2021-06-29T08:00,70.7
2021-06-29T09:00,73.5
2021-06-29T10:00,76.5
2021-06-29T11:00,79.6
2021-06-29T12:00,82.9
2021-06-29T13:00,86.3
2021-06-29T14:00,88.9
2021-06-29T15:00,90.9
2021-06-29T16:00,86.4
2021-06-29T17:00,86.0
2021-06-29T18:00,84.2
2021-06-29T19:00,81.6
2021-06-29T20:00,76.9
2021-06-29T21:00,70.2
2021-06-29T22:00,66.7
2021-06-29T23:00,65.9
2021-06-30T00:00,65.4
2021-06-30T01:00,64.9
2021-06-30T02:00,64.0
2021-06-30T03:00,63.1
2021-06-30T04:00,61.8
2021-06-30T05:00,62.0
2021-06-30T06:00,63.3
2021-06-30T07:00,65.4
2021-06-30T08:00,67.6
2021-06-30T09:00,70.2
2021-06-30T10:00,72.8
2021-06-30T11:00,75.0
2021-06-30T12:00,77.6
2021-06-30T13:00,79.6
2021-06-30T14:00,81.1
2021-06-30T15:00,82.2
2021-06-30T16:00,73.0
2021-06-30T17:00,73.0
2021-06-30T18:00,71.0
2021-06-30T19:00,68.5
2021-06-30T20:00,67.2
2021-06-30T21:00,65.8
2021-06-30T22:00,64.8
2021-06-30T23:00,64.2
2021-07-01T00:00,63.9
2021-07-01T01:00,63.8
2021-07-01T02:00,63.7
2021-07-01T03:00,63.5
2021-07-01T04:00,63.9
2021-07-01T05:00,63.8
2021-07-01T06:00,64.1
2021-07-01T07:00,64.9
2021-07-01T08:00,66.2
2021-07-01T09:00,67.3
2021-07-01T10:00,68.3
2021-07-01T11:00,69.9
2021-07-01T12:00,71.2
2021-07-01T13:00,72.4
2021-07-01T14:00,72.8
2021-07-01T15:00,74.4
2021-07-01T16:00,72.8
2021-07-01T17:00,73.0
2021-07-01T18:00,72.5
2021-07-01T19:00,71.7
2021-07-01T20:00,70.6
2021-07-01T21:00,68.9
2021-07-01T22:00,67.0
2021-07-01T23:00,66.8
2021-07-02T00:00,66.7
2021-07-02T01:00,64.0
2021-07-02T02:00,64.7
2021-07-02T03:00,63.7
2021-07-02T04:00,64.3
2021-07-02T05:00,64.1
2021-07-02T06:00,64.0
2021-07-02T07:00,64.4
2021-07-02T08:00,65.3
2021-07-02T09:00,66.5
2021-07-02T10:00,67.5
2021-07-02T11:00,69.3
2021-07-02T12:00,71.9
2021-07-02T13:00,73.5
2021-07-02T14:00,74.9
2021-07-02T15:00,76.1
2021-07-02T16:00,75.4
2021-07-02T17:00,75.6
2021-07-02T18:00,75.3
2021-07-02T19:00,74.6
2021-07-02T20:00,72.5
2021-07-02T21:00,69.1
2021-07-02T22:00,66.5
2021-07-02T23:00,64.8
2021-07-03T00:00,63.5
2021-07-03T01:00,62.4
2021-07-03T02:00,61.0
2021-07-03T03:00,60.2
2021-07-03T04:00,60.6
2021-07-03T05:00,62.6
2021-07-03T06:00,63.7
2021-07-03T07:00,65.3
2021-07-03T08:00,67.6
2021-07-03T09:00,69.7
2021-07-03T10:00,71.5
2021-07-03T11:00,73.9
2021-07-03T12:00,76.4
2021-07-03T13:00,78.6
2021-07-03T14:00,80.0
2021-07-03T15:00,80.8
2021-07-03T16:00,80.0
2021-07-03T17:00,79.6
2021-07-03T18:00,79.1
2021-07-03T19:00,77.2
2021-07-03T20:00,74.0
2021-07-03T21:00,69.5
2021-07-03T22:00,66.2
2021-07-03T23:00,64.9
2021-07-04T00:00,64.3
2021-07-04T01:00,63.5
2021-07-04T02:00,62.7
2021-07-04T03:00,62.4
2021-07-04T04:00,61.9
2021-07-04T05:00,61.3
2021-07-04T06:00,61.4
2021-07-04T07:00,62.1
2021-07-04T08:00,63.1
2021-07-04T09:00,65.5
2021-07-04T10:00,68.8
2021-07-04T11:00,71.0
2021-07-04T12:00,73.1
2021-07-04T13:00,76.2
2021-07-04T14:00,78.7
2021-07-04T15:00,80.5
2021-07-04T16:00,79.1
2021-07-04T17:00,80.0
2021-07-04T18:00,80.6
2021-07-04T19:00,72.2
2021-07-04T20:00,67.8
2021-07-04T21:00,66.1
2021-07-04T22:00,64.6
2021-07-04T23:00,63.8
2021-07-05T00:00,63.3
2021-07-05T01:00,62.4
2021-07-05T02:00,62.3
2021-07-05T03:00,60.7
2021-07-05T04:00,58.9
2021-07-05T05:00,59.1
2021-07-05T06:00,59.5
2021-07-05T07:00,59.8
2021-07-05T08:00,60.6
2021-07-05T09:00,62.0
2021-07-05T10:00,64.8
2021-07-05T11:00,67.9
2021-07-05T12:00,70.2
2021-07-05T13:00,72.6
2021-07-05T14:00,75.1
2021-07-05T15:00,76.7
2021-07-05T16:00,72.4
2021-07-05T17:00,74.6
2021-07-05T18:00,75.1
2021-07-05T19:00,73.8
2021-07-05T20:00,68.9
2021-07-05T21:00,65.8
2021-07-05T22:00,64.2
2021-07-05T23:00,63.0
2021-07-06T00:00,62.1
2021-07-06T01:00,61.4
2021-07-06T02:00,60.9
2021-07-06T03:00,61.1
2021-07-06T04:00,60.9
2021-07-06T05:00,60.7
2021-07-06T06:00,61.3
2021-07-06T07:00,63.0
2021-07-06T08:00,64.9
2021-07-06T09:00,67.5
2021-07-06T10:00,70.2
2021-07-06T11:00,72.9
2021-07-06T12:00,75.4
2021-07-06T13:00,77.4
2021-07-06T14:00,79.2
2021-07-06T15:00,80.1
2021-07-06T16:00,79.9
2021-07-06T17:00,79.0
2021-07-06T18:00,77.0
2021-07-06T19:00,73.8
2021-07-06T20:00,69.3
2021-07-06T21:00,66.9
2021-07-06T22:00,66.0
2021-07-06T23:00,64.4
2021-07-07T00:00,63.2
2021-07-07T01:00,64.8
2021-07-07T02:00,63.8
2021-07-07T03:00,60.2
2021-07-07T04:00,59.5
2021-07-07T05:00,59.2
2021-07-07T06:00,58.9
2021-07-07T07:00,58.9
2021-07-07T08:00,59.9
2021-07-07T09:00,60.9
2021-07-07T10:00,62.7
2021-07-07T11:00,66.4
2021-07-07T12:00,67.9
2021-07-07T13:00,69.2
2021-07-07T14:00,72.1
2021-07-07T15:00,73.5
2021-07-07T16:00,70.3
2021-07-07T17:00,69.4
2021-07-07T18:00,67.7
2021-07-07T19:00,66.6
2021-07-07T20:00,64.9
2021-07-07T21:00,62.6
2021-07-07T22:00,60.3
2021-07-07T23:00,59.1
2021-07-08T00:00,58.4
2021-07-08T01:00,57.8
2021-07-08T02:00,57.4
2021-07-08T03:00,57.4
2021-07-08T04:00,56.6
2021-07-08T05:00,56.8
2021-07-08T06:00,57.6
2021-07-08T07:00,58.9
2021-07-08T08:00,60.0
2021-07-08T09:00,61.3
2021-07-08T10:00,63.0
2021-07-08T11:00,64.6
2021-07-08T12:00,67.5
2021-07-08T13:00,69.3
2021-07-08T14:00,69.6
2021-07-08T15:00,71.9
2021-07-08T16:00,68.9
2021-07-08T17:00,71.0
2021-07-08T18:00,70.9
2021-07-08T19:00,70.3
2021-07-08T20:00,68.4
2021-07-08T21:00,64.6
2021-07-08T22:00,62.7
2021-07-08T23:00,61.4
2021-07-09T00:00,60.4
2021-07-09T01:00,59.9
2021-07-09T02:00,59.4
2021-07-09T03:00,60.7
2021-07-09T04:00,60.0
2021-07-09T05:00,60.0
2021-07-09T06:00,60.8
2021-07-09T07:00,62.2
2021-07-09T08:00,63.9
2021-07-09T09:00,66.4
2021-07-09T10:00,69.3
2021-07-09T11:00,72.0
2021-07-09T12:00,74.4
2021-07-09T13:00,76.1
2021-07-09T14:00,76.2
2021-07-09T15:00,76.0
2021-07-09T16:00,76.8
2021-07-09T17:00,76.1
2021-07-09T18:00,75.0
2021-07-09T19:00,72.8
2021-07-09T20:00,68.3
2021-07-09T21:00,65.1
2021-07-09T22:00,63.7
2021-07-09T23:00,62.8
